,xba,barrel_batted_rate,player_age,WAR,k_percent,bb_percent,on_base_plus_slg
xba,1.0,0.1010243741098082,-0.005854775636658354,0.47692623879605184,-0.5410465773978392,0.028398962254881272,0.6099999096035309
barrel_batted_rate,0.1010243741098082,1.0,-0.06786518376387278,0.2911262803594799,0.5642168246713883,0.39084016243362435,0.5606764567772767
player_age,-0.005854775636658354,-0.06786518376387278,1.0,-0.18766275483496425,-0.12950090704857606,0.08741489040404703,-0.06333819861260347
WAR,0.47692623879605184,0.2911262803594799,-0.18766275483496425,1.0,-0.17902155364957886,0.27257492673474676,0.6861954348603746
k_percent,-0.5410465773978392,0.5642168246713883,-0.12950090704857606,-0.17902155364957886,1.0,0.14776519410769437,-0.06275057511508647
bb_percent,0.028398962254881272,0.39084016243362435,0.08741489040404703,0.27257492673474676,0.14776519410769437,1.0,0.42244547819069034
on_base_plus_slg,0.6099999096035309,0.5606764567772767,-0.06333819861260347,0.6861954348603746,-0.06275057511508647,0.42244547819069034,1.0
